_id,messageId,conversation,fromAddress,toAddresses,ccAddresses,bccAddresses,replyToAddresses,dateSentMs,dateReceivedMs,subject,snippet,listInfo,personalLevel,body,bodyEmbedsExternalResources,joinedAttachmentInfos,synced,error,clientCreated,refMessageId,forward,includeQuotedText,quoteStartPos,bodyCompressed,customFromAddress,queryId,spamDisplayedReasonType,deliveryChannel,referencesRfc822MessageIds,showSendersFullEmailAddress,viaDomain,showForgedFromMeWarning,refAdEventId,permalink,clipped,encrypted,signed,receivedWithTls,unsubscribeSenderName,unsubscribeSenderIdentifier
3,1.75843723144765E+018,1.75843723144765E+018,"""Bogoljub Gagic"" <cercilgagic60@gmail.com>","""dudasvilarevic60@gmail.com"" <dudasvilarevic60@gmail.com>
""pajapandurovic60@gmail.com"" <pajapandurovic60@gmail.com>",,,,1676976412000,1676976424789,Sastanak,"Pozdrav ekipa, Da li vam odgovara da odrzimo sastanak u sredu u 14h ? Pozdrav...",,1,,0,,1,,0,0,0,0,0,"x��I�,SH�,�U�))R�ȯJ)J,SH��,H�9��(mg�Tdg�f��D��L���\������ĢD��D ��*37_�8��$1/1[�T��(5�H�d(�#�f�N��S~z~NViTLr�I9",,0,-1,,,1,,,,https://mail.google.com/mail/?extsrc=sync&client=g&plid=ACUX6DOoJjU-LvBBRU7PLtbXeOhXDVpLjHYnbLM,0,0,0,0,,
6,1.75852780291233E+018,1.75852780291233E+018,"""The Google Account Team"" <no-reply@accounts.google.com>",""""" <dudasvilarevic60@gmail.com>",,,"""The Google Account Team"" <no-reply@accounts.google.com>",1677062799000,1677062800224,"✅ Dusanka, довршите подешавање уређаја Android помоћу Google-а",Довршите подешавање 📲 ‌ ‌ ‌ ‌ ‌ ‌ ‌ ‌ ‌ ‌ ‌ ‌ ‌ ‌ ‌ ‌ ‌ ‌ ‌ ‌ ‌ ‌ ‌ ‌ ‌ ‌ ‌ ...,,2,,1,,1,,0,0,0,0,0,"x��[I��Hv��W �a_$���mL������ �n���#<�#,�3s�M�iM+�G������_����Ū.Iݚ� ���^�|��[>�.���3��ɩ�RTg��.5�*&�a�A�����]x�OUmy�5Y��&�;���p�g��ؼ.��`<�I�LrU���U^[���+�%�ź9�TYq�uÞ�'��-��9ra�����9��w���t@aŠ$��(�4C!�����~E�15~	(����`�h)xx]h�.��z�`t�/6M$j�U�Ua���.g�L�G�1?WTQ��ص���;���/o~뿹��
�?��o�נ�������?@����_��<|r�c0�e���}��#�n���/��/������_·��#��8���?��Cg�)���������""A���[?�g��uƓu�zx����(�BV�}u4~i�~�R�h�����^�Ϻ�M�H��:�$ݕ썣[��(��ͦu
�{�!�Ȳ�@�.?u�m����|@/

[���XP�H�U1۶TQ;�rS���we�E8<����#u!�A���ח��
p�e{=+�ƛ�t�����i�˪m�������6<]�:�]�-��o����Aa�*Z1��TY%d(d 9�W�����ݔW�A(���;e~����� ��pE!""���$ 	���;|NÕ��\?��#�Ġ��n����c�:�w�5���ܗ�m[y���1����������������C��w��|�����b�b��
��@����@rM�/$Z�%q�f�U�9��;�6S�/v���õ������9���<4\ט����4i���^�f��	�m�P8T��I�9�pS\�t���.�h��Hv�����czf��by���Q[z�PeV�����<�¬�(�bNRD�^�I�n��nۙ�""+�̔�]�'��q��ruڭ
�j�B[�&6��AE�V�]�37Y�ls��'�.6ӝT�jqʤm�1x�]9,�
��/6������,K9V��,9gC��Q��ץ�q�.�Z�pP
Y��h>7uyk*4}�E�#�
rw`䑑���,�γ�%��`_��mS['Ɂ�Q���îG�1����]%�!�'�vp$�N��{�!�k���C����67��G��I�3v���LW10I���7�ۛ/C����^���>k����.l�r�֎�.��������7/n^�o��~������w�
��E�~��������_ݼ<���r�*/͉=�0���E|`�m���(Ї���:?��x��2������[��p�U��G����������=x�����.�{��������ۯ��}��@x�s¼qdk�;���/����`�����Hz�����9�a+,��<��!ŖF�T@7\u�/`Ή��0��g�Y�&6�̢[F^�{�N�����M�Ҥ�PTO�0f���E+7fSi6+�Kf�ْ�5�7��
W(&�0"":�\�Z�UK2�%�f�Q\t���,�K��B�@JČ��B�ǵf��ɬ7[�I��0WRk>��[��cL
��V}�E�9��]����йN�F�ɺG&)�����*���*�ɢ/�2���ie�j�h����N��*e������S��H��.<���ʃ�&��8!�ҍ&>&G�Z��˥p՚""""�31�3ʭ��~-�v��""��x$����0��n
�<�C����	�P�آ�hMMf(A��xVm���wδ��T@*�t��,�S����.�KN���j1�ᜡ����E�$ʎ$�Nz�^Nq$c���=��89��\.���췆t�gM�U�Y��XCjl��lk���l�5$�ް��e4YAf�����6u��j>Q-+.K˝ܜE�R�ce�)�ս��I�h�K{�TOb�WDvb5R��h�m�H���2Q����@JҸ�cЅW��(�""�|�c��R�Ls�M��&-ˆ���vF�'s=�8sp�)�c��V�!1Y5)��
}V����d�ږ&6����Le�����&V�C�9�a�v��$v�3��,���A��`��tP�]v��dKk����nk���nC���(ڕc�-?5/���;��������ó�J���vx�{�R�8J026Ґh@�JTgm~���l'�bF���R'����z�x����}�i�+��7����,%H(�-����0b��.v�i�&�	Q��P�?�������`%Ƞv	�Ilr��|������>�I�cf9HP@���ݦ0 ���*	���J�O���l1�_'M@��v��>9��c�y�N�4zk]��e""��-+�	�8�
h� �ۀ��)w���v���_?�Pز�!���;��b�]�{��G�|�����H��O������S����p2�uRD��$#��ף��n���4���OHx��F��Q��Xw|�va��։Z���)���X]�u9�w,~Bn0""�G�x/!���g���K�h����+�0���bA���'��L�@p����]� ��V���=�""�����+�+��*���͛�j�k�n6���V [x��v��Uu�������6Ġ߂!�Ǜ/Aj�2�x��f��=Xt���!d/,����ݼ�.��֠os~!��g����!�����Y���)Dۢ������W뾭z�ӷA�w�C��g�����?q�-0z���c����e�^��ZB?n��MH������콍HF/S}x5
�!�ʉY��Fx���l�b��L!��Rv�d�~�<Z+��lW�,���v��#�_�h5�uI��kk��&����I��V[҉��$����0�وI��rȩ�z��i�Ų7l�nfO��r�.r�i#��Nu�N����ڐ�We�)J�U(t�e�=h�\%3����)�/��bi�*f�!z��������|�0�T?�����f�igNY�B�x�l{����|���c-�kx-�ZU�Gf#�m��Ԩ�8�$�J��v�IqN���5
����JJEwIQ�U�RvM��(>๑����2c')�_�w��Yæ�P;v��$�A����5u��=s�6�>!h���,{�Tʝ.+l�-i+�,�0�E��Xq""7�$�?��YPg�9]��e�7ά�Ŭ�ґkjU�к��U��
��A{�,n��f�tZ�Uk�r}�d���q����h#g���2�D��(�<�LWJ��,�����pҒxҏ�D?��yK|��%��`����)a�|d�R���bWĊ�/p�A��.J����7/���ޯ��B¶�*�i�Eww�r?���� a��v/��""٪=�i��qӷ?��s���>P���!�	��{;���)(����U����.O�xז��x{2��Ϟ����eO۪4��M<e���h/�Ljcc����O��6Ġ��&��X`1Q�t�VD�X����n	�=��G��_�I ��6bX~p�;�=�5w�7t�/��g�ܼ��k=�O�3s�[$�v����`����l�n1/!TfD���r�g���,#N��b;N����8S_����5e�O��HT�4S�28_!��r ϖ�7k��\S�b����{�~��a=n�NO�X,�6냹����45M0��4
���mQ�������<�C!j�Є{���Ҳ9kT��J��L
�ț�pV�d{Un��1kյ�Ѫ�W�LQ'�t�٫��|�p��V��""ڒK�l�\-�j�P�O���'��D�U�mI-9��*�X���L[!�*��;����zw�3�F��p5u/l�	w��L	ěb�����aZ�~�Z�����Z3��l|��������5I��QηU����0�-i�=�Je����'�eu��!*����",,0,-1,,,1,,,,https://mail.google.com/mail/?extsrc=sync&client=g&plid=ACUX6DNX5_iLpL2Zkw8EzU2qtHSk1IcTGyCH7-w,0,0,0,0,,
7,1.75852792751398E+018,1.75843723144765E+018,"""Dusanka Svilarevic"" <dudasvilarevic60@gmail.com>","""Bogoljub Gagic"" <cercilgagic60@gmail.com>","""pajapandurovic60@gmail.com"" <pajapandurovic60@gmail.com>",,,1677062918000,1677062918636,Re: Sastanak,"Pozdrav, Meni odgovara. Pozdrav,",,0,,0,,1,,0,0,0,0,0,"x��R]J1~�CQh��ZT�������
dv���tS��R}��>z}Q�dodvk�@2�|_&�f&�bT��H�I|�.��q��>t@&:�zW-G,�(Wc��r������2��JG�;���E��C��gW� ���aRPF��M����!
yr^(����NASi+o�k�ր�߂��>�G��;��p�t�a_q%ϊ��֤�����#R2*H�N����ޫ÷R5$`Psf""r�H���C�5nzP��'����������7Ͼ؇`)��T�����d�ͅd��4Y�M`>[;l�K��L7%���w�\�l���z��m|͍�)�����\Ί	l F�Gk Hc��(���C9�3@�f�p������
T�geYn���[dg���'�",,0,-1,,,1,,,,https://mail.google.com/mail/?extsrc=sync&client=g&plid=ACUX6DOoJjU-LvBBRU7PLtbXeOhXDVpLjHYnbLM,0,0,0,0,,
8,1.75853104681603E+018,1.75843723144765E+018,"""Pavle Pandurovic"" <pajapandurovic60@gmail.com>","""Dusanka Svilarevic"" <dudasvilarevic60@gmail.com>
""Bogoljub Gagic"" <cercilgagic60@gmail.com>",,,,1677065890000,1677065894053,Re: Sastanak,"Pozdrav, Odgovara i meni. Paja",,1,,0,,1,,0,0,0,0,0,"x��RKn�@��)J��@�x�f����
�Dew��L�m�m3��!���""R� �����?�ȟ���~���`P��ס<[�k'^}�gTa6�S�П�@f�8�,�Fsfqw	�� PQ�/0I\����j�ѤAT	D`YF��2�4������5���T,�~��W%5�{�OH�%-��Oc��kF��oU�P�\""�""����&ޤ��= i��lJb�_�a�yI�>��V���p�kQ��A�\�5 C�N���*Cq^|���`�?���'X���yݑ7����@��ԃpv�^:Ǌ���RK�g��""�����j""×!�*`�%��(���3@g���@/{��E~
�m~������n���W�_�ܳ�H� ѧ�UY��G�<�@�{l����L�
v�m��Mdi`P��/���r#�<
ې~+�
l�c��n�5#�Z�>���a��(�su�C		&#\C
�b4-Gsqo����i��}r��Ɠ���2�3b����P���}\0",,0,-1,,,0,,,,https://mail.google.com/mail/?extsrc=sync&client=g&plid=ACUX6DOoJjU-LvBBRU7PLtbXeOhXDVpLjHYnbLM,0,0,0,0,,
9,1.75871571919035E+018,1.75871571919035E+018,""""" <rdc01z+8wu62vn3pz8tc@guerrillamail.com>","""dudasvilarevic60@gmail.com"" <dudasvilarevic60@gmail.com>",,,,1677242010000,1677242011152,Online ticket,"Dear Dušanka, We are sending you tickets for the destination Belgrade - Casab...",,2,,0,0.1|PavleKarta.pdf|application/pdf|70907|text/html|SERVER_ATTACHMENT|1758715719190354257_1758715719190354257_0.1||0,1,,0,0,0,0,0,"x�}��N�@��>Ť	7�Q<�C%�_LTP�3m��v�Kfgmx��r!�@""{��ͷ����2����������+KdG�T���� ��I�,��	Jr���2�cI0�kt�k4�O�Ѕo�`��-�
(��T��@	���&��AU�!F���x���&U�M�{�*�9q��P����s2��r�xbVZ��߰�M'ɴ-j�1,`��!AX3��h-�q�8n�vX3�x/��0}y{i��r9�굩��]d���w_�����m�b�P�F�(�idl�q�\����n�u49=2i��OL��Hb�t��#��",,0,-1,,,1,,,,https://mail.google.com/mail/?extsrc=sync&client=g&plid=ACUX6DM3XhWtToKpxVUba93vG-ak69ogX3xrJXY,0,0,0,0,,
10,1.75871590046603E+018,1.75871571919035E+018,"""Dusanka Svilarevic"" <dudasvilarevic60@gmail.com>","""Paja"" <pajapandurovic60@gmail.com>",,,,1677242183000,1677242183536,Fwd: Online ticket,Evo i tvoje karte.,,0,,0,0.1|PavleKarta.pdf|application/pdf|70907|text/html|SERVER_ATTACHMENT|1758715719190354257_1758715900466028079_0.1||0,1,,0,0,0,0,0,"x��S�NA}�+n6�K�햖�n�ZTD�R���ݽ,C�;efvWxT���'�ȳ���叜�b)�n����s�=�Ιf�R������J0Щ8!��T���i!G�|�8)\��A;�f_N�@4D�{����LS��Զ����'Bf(
;I)��1[d�e��M5�xB��Nk���&±�#߱�Z4d��狕�j��*i���Wu�%$%�-���eD�wz}���iM2��kf��\r���Rd��VR>�jj������c*�""\~_��C�T�������Yh7��P��shH�Ⱦ0]�j(LBT)�()eA������X�������b᚛���C(����f��h!_	(�CGp&��A(8�1AHJ�51��GCcx�
����t�8�2)b�A҈����) +���i0{랡�
�TD1Is{��3L�<�Y`�G�Q!?�d�$���w-m�ХXC�lO�<dm.��v�`!5`?Q4��c�G���Y��\��9�]G�`/k���]�F	3�[~�}����e���������qL!�;�0속��%C���0��f|�H~K��\���s_�%��N��k��+^�Sse����J$2 ?�\~�(��k�z�V*W���J��@�o���y�w����a�~�և;�[N�a���`�y��ۇ01��̬����",,0,-1,,,1,,,,https://mail.google.com/mail/?extsrc=sync&client=g&plid=ACUX6DM3XhWtToKpxVUba93vG-ak69ogX3xrJXY,0,0,0,0,,
